Id54,ctx8,res204_exe,Id184,ctx8,Gtype
Id226,ctx8,res204_exe,Id184,ctx8,Gtype
Id399,ctx9,res58_exe,Id14,ctx9,Gtype
Id477,ctx9,res58_exe,Id14,ctx9,Gtype
Id54,ctx8,res204_exe,Id184,ctx8,Gtype
Id391,ctx15,res165_write,Id126,ctx15,Gtype
Id54,ctx8,res204_exe,Id184,ctx8,Gtype
Id373,ctx9,res58_exe,Id14,ctx9,Gtype
Id399,ctx9,res58_exe,Id14,ctx9,Gtype
Id477,ctx9,res58_exe,Id14,ctx9,Gtype
Id373,ctx9,res58_exe,Id14,ctx9,Gtype
Id190,ctx2,res58_write,Id154,ctx2,Gtype
Id473,ctx2,res58_write,Id154,ctx2,Gtype
Id225,ctx3,res374_write,Id50,ctx3,Gtype
Id223,ctx3,res374_write,Id50,ctx3,Gtype
Id54,ctx8,res204_exe,Id184,ctx8,Gtype
Id226,ctx8,res204_exe,Id184,ctx8,Gtype
Id54,ctx8,res204_exe,Id184,ctx8,Gtype
Id226,ctx8,res204_exe,Id184,ctx8,Gtype
Id373,ctx9,res58_exe,Id14,ctx9,Gtype
Id399,ctx9,res58_exe,Id14,ctx9,Gtype
