Id,Role,Context
Id1,R11,ctx10
Id1,R3,ctx18
Id1,R9,ctx14
Id2,R16,ctx5
Id2,R15,ctx7
Id2,R13,ctx8
Id2,R10,ctx19
Id3,R1,ctx10
Id3,R8,ctx19
Id3,R18,ctx2
Id4,R3,ctx11
Id4,R2,ctx16
Id4,R8,ctx6
Id5,R13,ctx13
Id5,R18,ctx1
Id5,R6,ctx6
Id5,R19,ctx12
Id6,R11,ctx11
Id6,R17,ctx8
Id6,R5,ctx5
Id6,R4,ctx15
Id7,R10,ctx15
Id7,R18,ctx5
Id7,R15,ctx10
Id8,R7,ctx20
Id8,R6,ctx5
Id8,R18,ctx10
Id8,R1,ctx19
Id8,R4,ctx1
Id9,R17,ctx10
Id9,R3,ctx8
Id9,R9,ctx1
Id10,R10,ctx14
Id10,R1,ctx5
Id10,R12,ctx16
Id10,R3,ctx9
Id10,R4,ctx19
Id11,R14,ctx15
Id11,R15,ctx16
Id11,R9,ctx14
Id12,R20,ctx6
Id12,R17,ctx19
Id12,R3,ctx4
Id13,R16,ctx20
Id13,R12,ctx13
Id13,R1,ctx3
Id13,R15,ctx14
Id14,R3,ctx11
Id14,R20,ctx3
Id14,R10,ctx17
Id14,R18,ctx7
Id14,R11,ctx10
Id15,R19,ctx1
Id15,R10,ctx8
Id15,R4,ctx12
Id16,R6,ctx1
Id16,R18,ctx12
Id16,R19,ctx6
Id17,R9,ctx16
Id17,R7,ctx6
Id17,R2,ctx13
Id17,R19,ctx20
Id17,R20,ctx1
Id18,R13,ctx9
Id18,R18,ctx1
Id18,R4,ctx6
Id19,R15,ctx3
Id19,R2,ctx14
Id19,R13,ctx8
Id19,R20,ctx15
Id19,R17,ctx9
Id20,R17,ctx18
Id20,R18,ctx5
Id20,R19,ctx20
Id21,R7,ctx7
Id21,R20,ctx10
Id21,R9,ctx1
Id21,R4,ctx9
Id21,R2,ctx5
Id22,R8,ctx2
Id22,R19,ctx8
Id22,R18,ctx19
Id22,R20,ctx9
Id23,R6,ctx15
Id23,R19,ctx1
Id23,R16,ctx5
Id23,R2,ctx6
Id23,R7,ctx20
Id24,R9,ctx19
Id24,R1,ctx10
Id24,R2,ctx8
Id24,R8,ctx15
Id24,R11,ctx13
Id25,R8,ctx4
Id25,R9,ctx20
Id25,R11,ctx17
Id25,R12,ctx16
Id25,R15,ctx1
Id26,R14,ctx9
Id26,R17,ctx4
Id26,R10,ctx7
Id26,R18,ctx13
Id27,R8,ctx4
Id27,R13,ctx16
Id27,R18,ctx5
Id27,R19,ctx3
Id27,R3,ctx20
Id28,R9,ctx9
Id28,R5,ctx4
Id28,R10,ctx17
Id28,R18,ctx20
Id28,R2,ctx8
Id29,R9,ctx15
Id29,R20,ctx2
Id29,R6,ctx7
Id29,R18,ctx3
Id29,R15,ctx5
Id30,R17,ctx2
Id30,R8,ctx14
Id30,R10,ctx16
Id30,R20,ctx19
Id31,R14,ctx19
Id31,R20,ctx9
Id31,R6,ctx3
Id31,R10,ctx11
Id32,R13,ctx15
Id32,R1,ctx13
Id32,R16,ctx2
Id32,R14,ctx18
Id33,R9,ctx20
Id33,R16,ctx10
Id33,R3,ctx19
Id34,R11,ctx7
Id34,R6,ctx19
Id34,R17,ctx18
Id35,R2,ctx7
Id35,R19,ctx12
Id35,R3,ctx4
Id35,R7,ctx1
Id35,R1,ctx18
Id36,R8,ctx17
Id36,R20,ctx12
Id36,R19,ctx5
Id36,R18,ctx18
Id36,R17,ctx11
Id37,R12,ctx6
Id37,R20,ctx20
Id37,R15,ctx14
Id37,R18,ctx2
Id38,R20,ctx14
Id38,R16,ctx6
Id38,R13,ctx20
Id38,R18,ctx8
Id39,R7,ctx13
Id39,R16,ctx16
Id39,R5,ctx6
Id40,R16,ctx10
Id40,R13,ctx6
Id40,R18,ctx8
Id41,R9,ctx11
Id41,R19,ctx3
Id41,R12,ctx10
Id42,R7,ctx10
Id42,R5,ctx12
Id42,R14,ctx5
Id42,R19,ctx18
Id42,R20,ctx3
Id43,R5,ctx1
Id43,R19,ctx17
Id43,R9,ctx13
Id44,R1,ctx14
Id44,R8,ctx1
Id44,R7,ctx5
Id45,R13,ctx3
Id45,R1,ctx8
Id45,R9,ctx9
Id45,R19,ctx2
Id46,R4,ctx16
Id46,R20,ctx18
Id46,R19,ctx4
Id46,R5,ctx15
Id46,R12,ctx7
Id47,R9,ctx5
Id47,R19,ctx14
Id47,R15,ctx10
Id47,R5,ctx7
Id48,R19,ctx6
Id48,R7,ctx18
Id48,R13,ctx8
Id48,R4,ctx1
Id48,R18,ctx11
Id49,R5,ctx12
Id49,R6,ctx14
Id49,R11,ctx7
Id49,R2,ctx15
Id50,R15,ctx18
Id50,R11,ctx17
Id50,R6,ctx13
Id50,R19,ctx14
Id51,R18,ctx5
Id51,R19,ctx4
Id51,R9,ctx3
Id51,R12,ctx11
Id52,R17,ctx16
Id52,R6,ctx8
Id52,R2,ctx9
Id52,R20,ctx14
Id52,R5,ctx5
Id53,R11,ctx3
Id53,R18,ctx5
Id53,R15,ctx14
Id54,R20,ctx18
Id54,R6,ctx8
Id54,R11,ctx11
Id54,R17,ctx2
Id55,R13,ctx14
Id55,R16,ctx5
Id55,R4,ctx20
Id55,R18,ctx19
Id55,R8,ctx15
Id56,R6,ctx5
Id56,R15,ctx15
Id56,R16,ctx13
Id57,R3,ctx1
Id57,R9,ctx19
Id57,R4,ctx8
Id57,R5,ctx10
Id57,R8,ctx11
Id58,R18,ctx14
Id58,R15,ctx19
Id58,R11,ctx16
Id59,R18,ctx7
Id59,R14,ctx6
Id59,R9,ctx12
Id60,R6,ctx17
Id60,R11,ctx19
Id60,R7,ctx18
Id61,R13,ctx16
Id61,R12,ctx11
Id61,R4,ctx20
Id61,R15,ctx8
Id61,R17,ctx9
Id62,R7,ctx1
Id62,R13,ctx18
Id62,R18,ctx14
Id62,R5,ctx9
Id63,R12,ctx18
Id63,R19,ctx2
Id63,R4,ctx1
Id63,R18,ctx11
Id63,R15,ctx13
Id64,R4,ctx15
Id64,R8,ctx13
Id64,R16,ctx17
Id64,R7,ctx5
Id65,R17,ctx10
Id65,R3,ctx15
Id65,R9,ctx20
Id66,R11,ctx17
Id66,R9,ctx6
Id66,R19,ctx14
Id66,R10,ctx10
Id67,R2,ctx18
Id67,R8,ctx2
Id67,R5,ctx17
Id67,R3,ctx1
Id68,R1,ctx15
Id68,R18,ctx13
Id68,R2,ctx17
Id68,R8,ctx19
Id69,R9,ctx17
Id69,R18,ctx13
Id69,R16,ctx3
Id69,R20,ctx14
Id70,R1,ctx17
Id70,R8,ctx13
Id70,R2,ctx20
Id71,R4,ctx8
Id71,R18,ctx3
Id71,R2,ctx4
Id71,R11,ctx15
Id72,R8,ctx15
Id72,R17,ctx10
Id72,R20,ctx2
Id73,R4,ctx20
Id73,R2,ctx9
Id73,R17,ctx11
Id73,R14,ctx1
Id74,R13,ctx17
Id74,R20,ctx20
Id74,R18,ctx11
Id74,R5,ctx7
Id74,R8,ctx9
Id75,R7,ctx3
Id75,R10,ctx9
Id75,R4,ctx2
Id76,R2,ctx10
Id76,R15,ctx2
Id76,R17,ctx13
Id77,R11,ctx9
Id77,R4,ctx3
Id77,R17,ctx12
Id78,R16,ctx1
Id78,R19,ctx15
Id78,R17,ctx19
Id78,R6,ctx16
Id79,R17,ctx9
Id79,R1,ctx20
Id79,R5,ctx18
Id79,R11,ctx8
Id79,R3,ctx7
Id80,R1,ctx11
Id80,R6,ctx20
Id80,R18,ctx6
Id80,R9,ctx8
Id81,R12,ctx15
Id81,R4,ctx13
Id81,R9,ctx8
Id81,R3,ctx2
Id81,R16,ctx16
Id82,R1,ctx11
Id82,R11,ctx17
Id82,R15,ctx16
Id82,R14,ctx14
Id82,R10,ctx6
Id83,R10,ctx16
Id83,R20,ctx18
Id83,R13,ctx1
Id84,R15,ctx13
Id84,R3,ctx4
Id84,R5,ctx15
Id84,R17,ctx1
Id85,R12,ctx8
Id85,R3,ctx14
Id85,R8,ctx1
Id85,R15,ctx16
Id86,R10,ctx1
Id86,R17,ctx2
Id86,R9,ctx11
Id87,R20,ctx2
Id87,R18,ctx12
Id87,R16,ctx10
Id87,R11,ctx11
Id87,R4,ctx4
Id88,R6,ctx8
Id88,R8,ctx7
Id88,R2,ctx5
Id88,R11,ctx3
Id89,R13,ctx6
Id89,R8,ctx20
Id89,R15,ctx18
Id90,R14,ctx5
Id90,R18,ctx9
Id90,R11,ctx8
Id90,R17,ctx4
Id91,R19,ctx9
Id91,R7,ctx5
Id91,R18,ctx10
Id92,R11,ctx17
Id92,R1,ctx19
Id92,R5,ctx10
Id92,R12,ctx16
Id93,R10,ctx20
Id93,R7,ctx3
Id93,R2,ctx6
Id93,R17,ctx13
Id93,R18,ctx8
Id94,R15,ctx19
Id94,R6,ctx20
Id94,R12,ctx18
Id94,R20,ctx9
Id94,R17,ctx17
Id95,R4,ctx15
Id95,R12,ctx12
Id95,R7,ctx17
Id96,R4,ctx16
Id96,R3,ctx3
Id96,R11,ctx14
Id96,R20,ctx12
Id96,R15,ctx20
Id97,R1,ctx1
Id97,R3,ctx11
Id97,R9,ctx19
Id98,R16,ctx1
Id98,R9,ctx7
Id98,R6,ctx13
Id98,R15,ctx12
Id99,R14,ctx7
Id99,R17,ctx3
Id99,R10,ctx19
Id99,R11,ctx12
Id100,R2,ctx4
Id100,R10,ctx11
Id100,R15,ctx1
Id101,R13,ctx6
Id101,R19,ctx14
Id101,R3,ctx3
Id101,R8,ctx2
Id102,R3,ctx17
Id102,R5,ctx2
Id102,R14,ctx9
Id102,R8,ctx11
Id102,R2,ctx13
Id103,R5,ctx14
Id103,R14,ctx17
Id103,R19,ctx13
Id103,R11,ctx3
Id104,R9,ctx19
Id104,R11,ctx14
Id104,R14,ctx17
Id104,R7,ctx3
Id104,R5,ctx13
Id105,R3,ctx11
Id105,R6,ctx4
Id105,R13,ctx8
Id105,R7,ctx16
Id105,R16,ctx1
Id106,R19,ctx18
Id106,R11,ctx10
Id106,R13,ctx3
Id107,R15,ctx14
Id107,R7,ctx16
Id107,R9,ctx13
Id108,R7,ctx12
Id108,R14,ctx10
Id108,R1,ctx7
Id108,R5,ctx2
Id109,R11,ctx7
Id109,R14,ctx14
Id109,R4,ctx13
Id109,R3,ctx20
Id109,R20,ctx16
Id110,R10,ctx1
Id110,R6,ctx2
Id110,R14,ctx8
Id110,R5,ctx3
Id110,R16,ctx16
Id111,R10,ctx6
Id111,R5,ctx11
Id111,R20,ctx8
Id111,R4,ctx12
Id111,R14,ctx5
Id112,R10,ctx7
Id112,R13,ctx11
Id112,R11,ctx1
Id112,R8,ctx4
Id113,R10,ctx1
Id113,R8,ctx12
Id113,R4,ctx19
Id113,R1,ctx3
Id114,R10,ctx13
Id114,R3,ctx7
Id114,R16,ctx10
Id114,R8,ctx15
Id114,R14,ctx4
Id115,R7,ctx16
Id115,R3,ctx3
Id115,R4,ctx5
Id115,R15,ctx15
Id115,R9,ctx11
Id116,R2,ctx4
Id116,R11,ctx11
Id116,R1,ctx15
Id117,R7,ctx10
Id117,R15,ctx4
Id117,R9,ctx20
Id118,R16,ctx17
Id118,R5,ctx20
Id118,R12,ctx19
Id118,R4,ctx13
Id118,R11,ctx6
Id119,R16,ctx14
Id119,R19,ctx11
Id119,R20,ctx1
Id119,R8,ctx17
Id119,R7,ctx5
Id120,R9,ctx7
Id120,R3,ctx17
Id120,R13,ctx16
Id120,R12,ctx15
Id120,R19,ctx20
Id121,R8,ctx6
Id121,R19,ctx14
Id121,R14,ctx18
Id121,R13,ctx12
Id121,R16,ctx7
Id122,R12,ctx14
Id122,R11,ctx13
Id122,R4,ctx9
Id122,R13,ctx11
Id123,R6,ctx2
Id123,R13,ctx5
Id123,R4,ctx7
Id124,R19,ctx4
Id124,R20,ctx3
Id124,R11,ctx9
Id125,R7,ctx15
Id125,R6,ctx16
Id125,R5,ctx5
Id125,R15,ctx7
Id126,R10,ctx6
Id126,R14,ctx2
Id126,R12,ctx13
Id127,R15,ctx8
Id127,R20,ctx2
Id127,R8,ctx9
Id128,R19,ctx16
Id128,R12,ctx5
Id128,R17,ctx9
Id129,R10,ctx10
Id129,R20,ctx11
Id129,R3,ctx2
Id130,R6,ctx16
Id130,R5,ctx11
Id130,R20,ctx3
Id131,R17,ctx19
Id131,R1,ctx17
Id131,R13,ctx14
Id132,R7,ctx4
Id132,R18,ctx12
Id132,R4,ctx11
Id132,R12,ctx1
Id132,R19,ctx5
Id133,R6,ctx19
Id133,R4,ctx4
Id133,R2,ctx20
Id134,R16,ctx5
Id134,R3,ctx13
Id134,R4,ctx12
Id134,R5,ctx9
Id134,R1,ctx2
Id135,R2,ctx20
Id135,R15,ctx2
Id135,R8,ctx14
Id135,R18,ctx8
Id136,R19,ctx15
Id136,R11,ctx16
Id136,R16,ctx8
Id136,R6,ctx1
Id136,R10,ctx9
Id137,R18,ctx5
Id137,R14,ctx14
Id137,R5,ctx20
Id138,R13,ctx17
Id138,R14,ctx18
Id138,R10,ctx1
Id139,R9,ctx9
Id139,R15,ctx20
Id139,R16,ctx13
Id140,R6,ctx4
Id140,R20,ctx5
Id140,R10,ctx12
Id141,R20,ctx16
Id141,R9,ctx7
Id141,R7,ctx15
Id142,R17,ctx18
Id142,R4,ctx15
Id142,R1,ctx14
Id142,R16,ctx12
Id143,R18,ctx15
Id143,R12,ctx16
Id143,R11,ctx9
Id143,R20,ctx4
Id144,R13,ctx15
Id144,R10,ctx2
Id144,R8,ctx10
Id144,R20,ctx8
Id144,R19,ctx16
Id145,R9,ctx5
Id145,R19,ctx13
Id145,R8,ctx10
Id145,R2,ctx18
Id146,R19,ctx9
Id146,R11,ctx4
Id146,R3,ctx13
Id146,R8,ctx5
Id146,R18,ctx1
Id147,R16,ctx1
Id147,R9,ctx7
Id147,R17,ctx9
Id147,R10,ctx2
Id148,R3,ctx12
Id148,R8,ctx6
Id148,R18,ctx14
Id148,R4,ctx7
Id149,R3,ctx13
Id149,R15,ctx3
Id149,R19,ctx5
Id149,R1,ctx11
Id149,R11,ctx9
Id150,R4,ctx19
Id150,R9,ctx8
Id150,R8,ctx5
Id151,R1,ctx20
Id151,R15,ctx14
Id151,R18,ctx1
Id151,R16,ctx3
Id151,R17,ctx11
Id152,R3,ctx6
Id152,R10,ctx4
Id152,R17,ctx9
Id152,R1,ctx2
Id153,R17,ctx9
Id153,R12,ctx2
Id153,R9,ctx11
Id153,R19,ctx3
Id153,R2,ctx1
Id154,R6,ctx1
Id154,R14,ctx8
Id154,R19,ctx11
Id154,R1,ctx16
Id154,R13,ctx20
Id155,R13,ctx14
Id155,R11,ctx4
Id155,R3,ctx11
Id155,R20,ctx10
Id155,R9,ctx19
Id156,R12,ctx13
Id156,R5,ctx12
Id156,R8,ctx6
Id156,R10,ctx19
Id156,R9,ctx9
Id157,R11,ctx19
Id157,R10,ctx18
Id157,R5,ctx3
Id158,R6,ctx19
Id158,R14,ctx3
Id158,R5,ctx9
Id158,R18,ctx11
Id158,R17,ctx14
Id159,R5,ctx20
Id159,R14,ctx12
Id159,R8,ctx8
Id159,R12,ctx6
Id160,R5,ctx13
Id160,R17,ctx8
Id160,R9,ctx3
Id160,R18,ctx4
Id160,R6,ctx7
Id161,R14,ctx1
Id161,R3,ctx8
Id161,R20,ctx17
Id162,R19,ctx16
Id162,R8,ctx9
Id162,R4,ctx11
Id163,R5,ctx3
Id163,R7,ctx11
Id163,R18,ctx20
Id163,R17,ctx6
Id164,R11,ctx9
Id164,R1,ctx12
Id164,R17,ctx11
Id164,R3,ctx6
Id164,R7,ctx20
Id165,R16,ctx18
Id165,R13,ctx14
Id165,R6,ctx11
Id165,R10,ctx12
Id165,R19,ctx1
Id166,R9,ctx7
Id166,R10,ctx4
Id166,R1,ctx18
Id166,R15,ctx20
Id167,R15,ctx2
Id167,R14,ctx11
Id167,R10,ctx20
Id167,R8,ctx19
Id168,R8,ctx4
Id168,R11,ctx20
Id168,R3,ctx15
Id169,R20,ctx10
Id169,R15,ctx2
Id169,R10,ctx16
Id169,R9,ctx6
Id170,R9,ctx1
Id170,R12,ctx18
Id170,R15,ctx10
Id170,R8,ctx20
Id170,R17,ctx11
Id171,R19,ctx19
Id171,R10,ctx1
Id171,R3,ctx4
Id172,R2,ctx16
Id172,R3,ctx12
Id172,R12,ctx1
Id172,R7,ctx3
Id173,R1,ctx11
Id173,R5,ctx10
Id173,R16,ctx18
Id174,R10,ctx5
Id174,R11,ctx19
Id174,R6,ctx2
Id174,R18,ctx18
Id174,R4,ctx15
Id175,R6,ctx8
Id175,R10,ctx14
Id175,R19,ctx17
Id176,R5,ctx7
Id176,R14,ctx18
Id176,R20,ctx4
Id177,R12,ctx20
Id177,R4,ctx4
Id177,R17,ctx8
Id178,R12,ctx18
Id178,R15,ctx11
Id178,R17,ctx6
Id178,R8,ctx19
Id178,R3,ctx17
Id179,R8,ctx2
Id179,R2,ctx13
Id179,R4,ctx20
Id180,R5,ctx11
Id180,R11,ctx3
Id180,R15,ctx10
Id181,R5,ctx12
Id181,R13,ctx16
Id181,R9,ctx7
Id181,R7,ctx9
Id181,R3,ctx11
Id182,R13,ctx13
Id182,R18,ctx10
Id182,R10,ctx7
Id182,R2,ctx12
Id182,R8,ctx17
Id183,R11,ctx16
Id183,R12,ctx12
Id183,R3,ctx5
Id184,R18,ctx7
Id184,R4,ctx20
Id184,R1,ctx8
Id184,R6,ctx4
Id185,R12,ctx7
Id185,R7,ctx10
Id185,R13,ctx3
Id186,R14,ctx8
Id186,R10,ctx4
Id186,R5,ctx3
Id186,R8,ctx7
Id187,R20,ctx13
Id187,R6,ctx7
Id187,R4,ctx3
Id187,R10,ctx6
Id187,R11,ctx16
Id188,R18,ctx10
Id188,R10,ctx3
Id188,R4,ctx6
Id188,R1,ctx2
Id188,R12,ctx8
Id189,R16,ctx16
Id189,R1,ctx20
Id189,R2,ctx17
Id189,R11,ctx1
Id190,R3,ctx8
Id190,R12,ctx7
Id190,R9,ctx5
Id190,R13,ctx11
Id190,R17,ctx16
Id191,R3,ctx3
Id191,R12,ctx15
Id191,R20,ctx20
Id191,R4,ctx8
Id192,R13,ctx11
Id192,R1,ctx2
Id192,R5,ctx4
Id192,R14,ctx13
Id193,R1,ctx11
Id193,R12,ctx14
Id193,R9,ctx1
Id193,R15,ctx12
Id194,R7,ctx5
Id194,R11,ctx8
Id194,R5,ctx19
Id195,R6,ctx13
Id195,R2,ctx17
Id195,R15,ctx15
Id195,R1,ctx3
Id195,R4,ctx16
Id196,R15,ctx2
Id196,R5,ctx14
Id196,R17,ctx17
Id196,R9,ctx9
Id196,R11,ctx16
Id197,R15,ctx16
Id197,R7,ctx4
Id197,R19,ctx2
Id197,R13,ctx3
Id198,R17,ctx7
Id198,R16,ctx4
Id198,R4,ctx5
Id198,R9,ctx20
Id199,R18,ctx19
Id199,R8,ctx4
Id199,R15,ctx6
Id200,R18,ctx16
Id200,R19,ctx7
Id200,R16,ctx6
Id200,R15,ctx4
Id201,R9,ctx2
Id201,R16,ctx8
Id201,R2,ctx20
Id201,R10,ctx1
Id202,R3,ctx11
Id202,R17,ctx18
Id202,R16,ctx4
Id202,R11,ctx5
Id203,R8,ctx7
Id203,R5,ctx16
Id203,R7,ctx3
Id204,R1,ctx13
Id204,R12,ctx11
Id204,R14,ctx10
Id205,R5,ctx14
Id205,R9,ctx3
Id205,R10,ctx6
Id206,R11,ctx18
Id206,R17,ctx20
Id206,R12,ctx14
Id207,R3,ctx14
Id207,R2,ctx19
Id207,R19,ctx16
Id207,R12,ctx2
Id207,R14,ctx20
Id208,R5,ctx18
Id208,R14,ctx6
Id208,R17,ctx7
Id208,R12,ctx19
Id208,R6,ctx11
Id209,R9,ctx1
Id209,R20,ctx2
Id209,R12,ctx13
Id209,R4,ctx19
Id209,R13,ctx12
Id210,R2,ctx20
Id210,R9,ctx9
Id210,R5,ctx16
Id211,R8,ctx13
Id211,R2,ctx15
Id211,R11,ctx1
Id212,R1,ctx11
Id212,R5,ctx6
Id212,R7,ctx1
Id213,R1,ctx12
Id213,R9,ctx17
Id213,R14,ctx10
Id213,R5,ctx2
Id213,R19,ctx13
Id214,R8,ctx19
Id214,R6,ctx12
Id214,R14,ctx14
Id214,R18,ctx16
Id215,R1,ctx8
Id215,R20,ctx15
Id215,R18,ctx4
Id215,R15,ctx13
Id215,R6,ctx18
Id216,R18,ctx4
Id216,R6,ctx10
Id216,R15,ctx8
Id216,R12,ctx19
Id217,R19,ctx17
Id217,R17,ctx19
Id217,R8,ctx6
Id218,R15,ctx3
Id218,R3,ctx17
Id218,R13,ctx8
Id218,R8,ctx1
Id218,R12,ctx14
Id219,R13,ctx11
Id219,R17,ctx10
Id219,R14,ctx17
Id219,R1,ctx20
Id219,R11,ctx3
Id220,R18,ctx18
Id220,R6,ctx6
Id220,R5,ctx10
Id220,R12,ctx14
Id220,R2,ctx7
Id221,R2,ctx20
Id221,R9,ctx4
Id221,R8,ctx10
Id221,R18,ctx9
Id222,R4,ctx10
Id222,R16,ctx9
Id222,R5,ctx13
Id223,R9,ctx10
Id223,R6,ctx8
Id223,R16,ctx4
Id223,R7,ctx16
Id223,R2,ctx17
Id224,R11,ctx2
Id224,R17,ctx9
Id224,R8,ctx16
Id225,R14,ctx5
Id225,R20,ctx3
Id225,R19,ctx16
Id225,R7,ctx17
Id226,R1,ctx19
Id226,R20,ctx2
Id226,R16,ctx12
Id226,R15,ctx20
Id226,R17,ctx16
Id227,R3,ctx14
Id227,R20,ctx2
Id227,R14,ctx16
Id227,R7,ctx17
Id227,R19,ctx1
Id228,R12,ctx2
Id228,R16,ctx1
Id228,R2,ctx17
Id228,R8,ctx16
Id229,R14,ctx15
Id229,R7,ctx19
Id229,R11,ctx20
Id229,R17,ctx8
Id229,R20,ctx2
Id230,R4,ctx4
Id230,R13,ctx14
Id230,R11,ctx18
Id230,R18,ctx10
Id231,R3,ctx14
Id231,R16,ctx13
Id231,R7,ctx18
Id231,R13,ctx17
Id231,R8,ctx5
Id232,R2,ctx6
Id232,R10,ctx4
Id232,R16,ctx15
Id233,R1,ctx1
Id233,R4,ctx15
Id233,R7,ctx2
Id233,R19,ctx8
Id234,R20,ctx19
Id234,R4,ctx3
Id234,R19,ctx10
Id235,R3,ctx2
Id235,R13,ctx15
Id235,R6,ctx11
Id236,R8,ctx15
Id236,R7,ctx12
Id236,R1,ctx19
Id237,R18,ctx1
Id237,R10,ctx11
Id237,R5,ctx13
Id237,R15,ctx5
Id238,R8,ctx13
Id238,R2,ctx2
Id238,R3,ctx20
Id239,R5,ctx2
Id239,R11,ctx7
Id239,R20,ctx8
Id239,R14,ctx6
Id239,R4,ctx9
Id240,R14,ctx6
Id240,R8,ctx17
Id240,R7,ctx12
Id240,R11,ctx13
Id240,R20,ctx7
Id241,R18,ctx11
Id241,R10,ctx12
Id241,R1,ctx6
Id241,R8,ctx14
Id241,R4,ctx5
Id242,R4,ctx19
Id242,R3,ctx14
Id242,R16,ctx1
Id243,R8,ctx6
Id243,R3,ctx13
Id243,R6,ctx11
Id244,R17,ctx4
Id244,R9,ctx2
Id244,R7,ctx11
Id244,R8,ctx19
Id244,R4,ctx5
Id245,R4,ctx19
Id245,R13,ctx6
Id245,R5,ctx12
Id245,R16,ctx17
Id246,R15,ctx7
Id246,R20,ctx14
Id246,R3,ctx12
Id247,R3,ctx2
Id247,R5,ctx20
Id247,R19,ctx19
Id248,R11,ctx1
Id248,R8,ctx8
Id248,R3,ctx3
Id248,R16,ctx6
Id249,R20,ctx3
Id249,R15,ctx6
Id249,R11,ctx5
Id249,R14,ctx12
Id250,R6,ctx3
Id250,R7,ctx6
Id250,R18,ctx7
Id251,R3,ctx15
Id251,R8,ctx9
Id251,R7,ctx20
Id252,R13,ctx18
Id252,R10,ctx15
Id252,R5,ctx6
Id252,R20,ctx8
Id252,R7,ctx7
Id253,R18,ctx12
Id253,R20,ctx7
Id253,R2,ctx11
Id254,R3,ctx9
Id254,R16,ctx7
Id254,R20,ctx2
Id255,R15,ctx15
Id255,R18,ctx17
Id255,R13,ctx6
Id256,R18,ctx11
Id256,R2,ctx15
Id256,R8,ctx5
Id256,R10,ctx10
Id256,R9,ctx14
Id257,R14,ctx11
Id257,R15,ctx6
Id257,R18,ctx13
Id257,R5,ctx7
Id257,R16,ctx15
Id258,R11,ctx20
Id258,R18,ctx10
Id258,R7,ctx1
Id258,R12,ctx3
Id259,R5,ctx5
Id259,R19,ctx1
Id259,R6,ctx3
Id260,R3,ctx14
Id260,R9,ctx7
Id260,R6,ctx1
Id261,R10,ctx9
Id261,R2,ctx3
Id261,R1,ctx2
Id261,R16,ctx14
Id262,R3,ctx9
Id262,R8,ctx1
Id262,R14,ctx14
Id263,R6,ctx18
Id263,R10,ctx3
Id263,R19,ctx14
Id263,R17,ctx7
Id263,R7,ctx12
Id264,R7,ctx12
Id264,R2,ctx9
Id264,R10,ctx7
Id264,R13,ctx20
Id265,R14,ctx19
Id265,R1,ctx8
Id265,R15,ctx20
Id265,R9,ctx18
Id265,R17,ctx4
Id266,R6,ctx2
Id266,R14,ctx5
Id266,R10,ctx8
Id266,R7,ctx16
Id267,R2,ctx2
Id267,R16,ctx20
Id267,R1,ctx11
Id267,R20,ctx13
Id267,R13,ctx18
Id268,R3,ctx13
Id268,R9,ctx20
Id268,R18,ctx18
Id268,R1,ctx4
Id269,R1,ctx8
Id269,R15,ctx18
Id269,R9,ctx15
Id269,R6,ctx1
Id270,R1,ctx3
Id270,R11,ctx12
Id270,R12,ctx11
Id270,R20,ctx1
Id271,R15,ctx16
Id271,R5,ctx10
Id271,R11,ctx9
Id271,R6,ctx14
Id271,R7,ctx6
Id272,R13,ctx5
Id272,R19,ctx7
Id272,R2,ctx1
Id272,R4,ctx14
Id273,R9,ctx9
Id273,R8,ctx19
Id273,R19,ctx4
Id273,R11,ctx8
Id273,R15,ctx5
Id274,R19,ctx19
Id274,R20,ctx6
Id274,R16,ctx5
Id274,R4,ctx9
Id275,R20,ctx8
Id275,R1,ctx6
Id275,R18,ctx3
Id275,R6,ctx14
Id275,R13,ctx4
Id276,R3,ctx10
Id276,R15,ctx17
Id276,R2,ctx3
Id276,R10,ctx18
Id276,R17,ctx6
Id277,R8,ctx12
Id277,R15,ctx4
Id277,R10,ctx17
Id277,R20,ctx18
Id277,R3,ctx11
Id278,R7,ctx17
Id278,R10,ctx13
Id278,R15,ctx5
Id278,R17,ctx7
Id278,R13,ctx1
Id279,R7,ctx1
Id279,R1,ctx18
Id279,R10,ctx7
Id279,R8,ctx2
Id279,R16,ctx19
Id280,R17,ctx13
Id280,R5,ctx7
Id280,R4,ctx11
Id280,R12,ctx1
Id280,R6,ctx19
Id281,R17,ctx13
Id281,R15,ctx18
Id281,R16,ctx14
Id282,R20,ctx1
Id282,R9,ctx16
Id282,R1,ctx20
Id282,R17,ctx8
Id283,R5,ctx4
Id283,R20,ctx17
Id283,R7,ctx7
Id284,R5,ctx5
Id284,R4,ctx11
Id284,R17,ctx1
Id285,R14,ctx17
Id285,R15,ctx14
Id285,R10,ctx10
Id286,R19,ctx10
Id286,R3,ctx14
Id286,R15,ctx20
Id286,R20,ctx6
Id286,R12,ctx7
Id287,R20,ctx20
Id287,R6,ctx16
Id287,R16,ctx4
Id288,R4,ctx9
Id288,R18,ctx16
Id288,R8,ctx15
Id288,R1,ctx6
Id288,R7,ctx4
Id289,R19,ctx1
Id289,R15,ctx5
Id289,R13,ctx16
Id290,R13,ctx16
Id290,R20,ctx17
Id290,R4,ctx4
Id291,R12,ctx8
Id291,R2,ctx4
Id291,R15,ctx11
Id291,R7,ctx17
Id292,R13,ctx7
Id292,R4,ctx12
Id292,R1,ctx16
Id292,R18,ctx2
Id293,R5,ctx8
Id293,R12,ctx1
Id293,R19,ctx9
Id294,R11,ctx4
Id294,R3,ctx6
Id294,R13,ctx14
Id294,R18,ctx9
Id294,R9,ctx20
Id295,R20,ctx19
Id295,R8,ctx15
Id295,R11,ctx13
Id296,R19,ctx5
Id296,R16,ctx18
Id296,R12,ctx19
Id296,R17,ctx16
Id296,R2,ctx1
Id297,R10,ctx10
Id297,R9,ctx2
Id297,R4,ctx4
Id297,R2,ctx1
Id297,R16,ctx14
Id298,R20,ctx9
Id298,R15,ctx20
Id298,R12,ctx8
Id298,R18,ctx16
Id299,R18,ctx10
Id299,R5,ctx12
Id299,R16,ctx9
Id299,R1,ctx16
Id300,R12,ctx11
Id300,R5,ctx4
Id300,R19,ctx5
Id301,R6,ctx18
Id301,R7,ctx12
Id301,R4,ctx9
Id302,R12,ctx9
Id302,R9,ctx7
Id302,R6,ctx19
Id302,R1,ctx13
Id303,R20,ctx6
Id303,R16,ctx7
Id303,R1,ctx20
Id303,R19,ctx13
Id304,R1,ctx14
Id304,R8,ctx3
Id304,R16,ctx12
Id304,R19,ctx17
Id305,R8,ctx18
Id305,R9,ctx9
Id305,R5,ctx17
Id305,R1,ctx4
Id306,R10,ctx18
Id306,R13,ctx11
Id306,R15,ctx19
Id306,R7,ctx7
Id307,R11,ctx8
Id307,R17,ctx11
Id307,R13,ctx19
Id307,R15,ctx7
Id307,R7,ctx12
Id308,R5,ctx18
Id308,R3,ctx7
Id308,R6,ctx9
Id309,R4,ctx9
Id309,R20,ctx13
Id309,R11,ctx16
Id309,R7,ctx6
Id309,R9,ctx20
Id310,R15,ctx9
Id310,R3,ctx4
Id310,R2,ctx10
Id310,R10,ctx12
Id310,R9,ctx16
Id311,R19,ctx5
Id311,R15,ctx3
Id311,R4,ctx20
Id311,R18,ctx11
Id311,R13,ctx18
Id312,R18,ctx19
Id312,R17,ctx1
Id312,R2,ctx5
Id312,R9,ctx2
Id313,R13,ctx15
Id313,R16,ctx17
Id313,R11,ctx1
Id313,R6,ctx16
Id314,R10,ctx8
Id314,R13,ctx17
Id314,R1,ctx7
Id314,R12,ctx4
Id314,R18,ctx15
Id315,R9,ctx4
Id315,R8,ctx12
Id315,R11,ctx8
Id315,R15,ctx11
Id316,R8,ctx10
Id316,R9,ctx20
Id316,R5,ctx9
Id316,R11,ctx6
Id316,R4,ctx12
Id317,R16,ctx2
Id317,R19,ctx8
Id317,R4,ctx18
Id317,R9,ctx19
Id317,R7,ctx17
Id318,R14,ctx9
Id318,R11,ctx4
Id318,R18,ctx13
Id319,R8,ctx2
Id319,R17,ctx12
Id319,R15,ctx9
Id319,R5,ctx6
Id319,R19,ctx1
Id320,R14,ctx4
Id320,R3,ctx18
Id320,R7,ctx9
Id320,R19,ctx11
Id321,R19,ctx13
Id321,R18,ctx16
Id321,R10,ctx7
Id322,R9,ctx16
Id322,R20,ctx9
Id322,R13,ctx17
Id322,R3,ctx18
Id323,R19,ctx11
Id323,R1,ctx13
Id323,R11,ctx10
Id324,R5,ctx3
Id324,R17,ctx9
Id324,R3,ctx13
Id324,R16,ctx4
Id325,R14,ctx16
Id325,R16,ctx8
Id325,R17,ctx1
Id326,R9,ctx9
Id326,R18,ctx20
Id326,R14,ctx6
Id326,R4,ctx16
Id326,R19,ctx15
Id327,R8,ctx20
Id327,R20,ctx18
Id327,R19,ctx6
Id327,R14,ctx4
Id328,R17,ctx3
Id328,R10,ctx8
Id328,R19,ctx9
Id328,R1,ctx16
Id329,R11,ctx10
Id329,R13,ctx2
Id329,R2,ctx11
Id329,R8,ctx1
Id329,R17,ctx12
Id330,R5,ctx15
Id330,R17,ctx16
Id330,R1,ctx2
Id331,R17,ctx5
Id331,R9,ctx11
Id331,R20,ctx10
Id332,R3,ctx13
Id332,R11,ctx14
Id332,R9,ctx19
Id332,R13,ctx7
Id332,R4,ctx17
Id333,R1,ctx2
Id333,R19,ctx18
Id333,R3,ctx5
Id333,R5,ctx10
Id334,R15,ctx16
Id334,R12,ctx14
Id334,R5,ctx15
Id334,R1,ctx10
Id335,R2,ctx13
Id335,R14,ctx3
Id335,R5,ctx15
Id335,R16,ctx1
Id336,R15,ctx11
Id336,R7,ctx9
Id336,R4,ctx16
Id336,R11,ctx13
Id336,R5,ctx17
Id337,R10,ctx15
Id337,R13,ctx5
Id337,R11,ctx3
Id337,R19,ctx8
Id337,R16,ctx13
Id338,R2,ctx1
Id338,R4,ctx11
Id338,R9,ctx3
Id339,R9,ctx3
Id339,R12,ctx19
Id339,R11,ctx1
Id340,R5,ctx9
Id340,R20,ctx7
Id340,R10,ctx4
Id341,R13,ctx8
Id341,R4,ctx19
Id341,R6,ctx11
Id341,R1,ctx16
Id341,R5,ctx13
Id342,R5,ctx5
Id342,R6,ctx17
Id342,R14,ctx18
Id342,R1,ctx20
Id343,R8,ctx1
Id343,R13,ctx10
Id343,R12,ctx19
Id344,R13,ctx13
Id344,R4,ctx16
Id344,R19,ctx17
Id344,R15,ctx19
Id344,R18,ctx4
Id345,R13,ctx13
Id345,R2,ctx14
Id345,R18,ctx11
Id345,R16,ctx8
Id346,R17,ctx16
Id346,R3,ctx2
Id346,R5,ctx19
Id346,R12,ctx18
Id347,R5,ctx3
Id347,R12,ctx6
Id347,R14,ctx4
Id347,R15,ctx16
Id347,R3,ctx18
Id348,R9,ctx14
Id348,R10,ctx9
Id348,R2,ctx18
Id348,R15,ctx5
Id349,R12,ctx4
Id349,R17,ctx10
Id349,R14,ctx8
Id350,R5,ctx4
Id350,R17,ctx7
Id350,R16,ctx12
Id350,R15,ctx3
Id350,R14,ctx15
Id351,R8,ctx14
Id351,R10,ctx15
Id351,R14,ctx1
Id352,R10,ctx15
Id352,R3,ctx2
Id352,R1,ctx20
Id352,R11,ctx7
Id353,R1,ctx15
Id353,R13,ctx11
Id353,R4,ctx10
Id353,R6,ctx18
Id353,R7,ctx8
Id354,R17,ctx11
Id354,R1,ctx15
Id354,R2,ctx16
Id354,R8,ctx13
Id355,R8,ctx19
Id355,R9,ctx6
Id355,R20,ctx7
Id355,R5,ctx8
Id355,R19,ctx14
Id356,R6,ctx5
Id356,R7,ctx19
Id356,R15,ctx11
Id356,R4,ctx12
Id356,R11,ctx10
Id357,R8,ctx20
Id357,R15,ctx17
Id357,R7,ctx10
Id357,R11,ctx9
Id357,R19,ctx13
Id358,R3,ctx8
Id358,R19,ctx13
Id358,R16,ctx6
Id358,R2,ctx4
Id359,R6,ctx19
Id359,R5,ctx8
Id359,R3,ctx3
Id360,R13,ctx12
Id360,R19,ctx17
Id360,R2,ctx4
Id361,R17,ctx10
Id361,R3,ctx9
Id361,R14,ctx14
Id361,R7,ctx19
Id361,R10,ctx18
Id362,R2,ctx14
Id362,R6,ctx11
Id362,R16,ctx9
Id362,R12,ctx20
Id362,R20,ctx3
Id363,R12,ctx19
Id363,R13,ctx4
Id363,R11,ctx3
Id364,R2,ctx3
Id364,R10,ctx14
Id364,R16,ctx2
Id364,R9,ctx12
Id365,R12,ctx11
Id365,R4,ctx17
Id365,R18,ctx20
Id365,R13,ctx7
Id366,R8,ctx15
Id366,R13,ctx4
Id366,R7,ctx2
Id367,R8,ctx17
Id367,R20,ctx11
Id367,R5,ctx7
Id367,R16,ctx20
Id368,R17,ctx2
Id368,R13,ctx10
Id368,R16,ctx8
Id368,R6,ctx3
Id368,R12,ctx17
Id369,R18,ctx11
Id369,R2,ctx15
Id369,R20,ctx6
Id369,R7,ctx3
Id369,R5,ctx12
Id370,R12,ctx17
Id370,R1,ctx13
Id370,R6,ctx18
Id370,R15,ctx10
Id371,R5,ctx3
Id371,R9,ctx20
Id371,R11,ctx14
Id371,R7,ctx16
Id371,R12,ctx2
Id372,R15,ctx14
Id372,R12,ctx16
Id372,R17,ctx17
Id372,R14,ctx3
Id372,R10,ctx1
Id373,R3,ctx19
Id373,R1,ctx15
Id373,R14,ctx3
Id373,R18,ctx11
Id373,R17,ctx1
Id374,R3,ctx15
Id374,R13,ctx10
Id374,R19,ctx13
Id374,R4,ctx14
Id375,R10,ctx2
Id375,R1,ctx20
Id375,R19,ctx5
Id375,R8,ctx11
Id375,R15,ctx7
Id376,R9,ctx6
Id376,R13,ctx4
Id376,R15,ctx20
Id376,R5,ctx11
Id376,R6,ctx9
Id377,R2,ctx15
Id377,R18,ctx17
Id377,R5,ctx12
Id378,R14,ctx16
Id378,R19,ctx10
Id378,R6,ctx15
Id378,R4,ctx7
Id379,R13,ctx13
Id379,R16,ctx5
Id379,R10,ctx8
Id379,R7,ctx11
Id379,R20,ctx18
Id380,R20,ctx12
Id380,R7,ctx9
Id380,R18,ctx2
Id380,R9,ctx17
Id381,R17,ctx13
Id381,R6,ctx1
Id381,R18,ctx15
Id382,R9,ctx5
Id382,R10,ctx9
Id382,R19,ctx10
Id383,R17,ctx15
Id383,R3,ctx1
Id383,R12,ctx5
Id384,R2,ctx20
Id384,R16,ctx18
Id384,R9,ctx19
Id385,R9,ctx5
Id385,R16,ctx10
Id385,R4,ctx4
Id385,R20,ctx19
Id386,R1,ctx13
Id386,R20,ctx1
Id386,R6,ctx10
Id387,R17,ctx10
Id387,R9,ctx9
Id387,R7,ctx6
Id387,R16,ctx1
Id387,R2,ctx14
Id388,R4,ctx16
Id388,R13,ctx4
Id388,R3,ctx3
Id388,R9,ctx15
Id389,R4,ctx1
Id389,R7,ctx9
Id389,R17,ctx17
Id390,R13,ctx18
Id390,R10,ctx1
Id390,R15,ctx10
Id391,R5,ctx20
Id391,R7,ctx1
Id391,R18,ctx8
Id392,R9,ctx1
Id392,R20,ctx8
Id392,R2,ctx13
Id392,R17,ctx19
Id393,R19,ctx8
Id393,R4,ctx1
Id393,R3,ctx7
Id394,R12,ctx3
Id394,R7,ctx20
Id394,R17,ctx10
Id394,R15,ctx9
Id394,R11,ctx19
Id395,R11,ctx7
Id395,R6,ctx12
Id395,R10,ctx19
Id396,R12,ctx16
Id396,R2,ctx1
Id396,R8,ctx8
Id396,R5,ctx4
Id397,R18,ctx15
Id397,R14,ctx19
Id397,R2,ctx16
Id397,R11,ctx5
Id397,R12,ctx14
Id398,R9,ctx3
Id398,R4,ctx7
Id398,R16,ctx20
Id399,R8,ctx8
Id399,R17,ctx18
Id399,R10,ctx6
Id399,R9,ctx14
Id399,R1,ctx15
Id400,R1,ctx4
Id400,R5,ctx12
Id400,R4,ctx19
Id401,R9,ctx8
Id401,R19,ctx19
Id401,R5,ctx4
Id401,R11,ctx20
Id401,R15,ctx1
Id402,R17,ctx14
Id402,R11,ctx8
Id402,R6,ctx12
Id402,R10,ctx16
Id402,R20,ctx13
Id403,R4,ctx5
Id403,R9,ctx12
Id403,R5,ctx17
Id404,R19,ctx4
Id404,R16,ctx10
Id404,R20,ctx7
Id404,R2,ctx2
Id404,R15,ctx19
Id405,R3,ctx10
Id405,R14,ctx17
Id405,R1,ctx4
Id406,R4,ctx12
Id406,R8,ctx7
Id406,R20,ctx17
Id406,R5,ctx3
Id407,R13,ctx19
Id407,R3,ctx8
Id407,R12,ctx5
Id407,R14,ctx12
Id408,R15,ctx15
Id408,R16,ctx11
Id408,R4,ctx9
Id409,R16,ctx12
Id409,R19,ctx17
Id409,R11,ctx15
Id409,R18,ctx19
Id410,R16,ctx2
Id410,R3,ctx20
Id410,R17,ctx14
Id410,R7,ctx6
Id410,R13,ctx19
Id411,R6,ctx11
Id411,R4,ctx9
Id411,R10,ctx1
Id412,R2,ctx5
Id412,R1,ctx11
Id412,R19,ctx6
Id412,R11,ctx1
Id413,R1,ctx1
Id413,R9,ctx6
Id413,R2,ctx13
Id413,R17,ctx14
Id413,R19,ctx8
Id414,R12,ctx9
Id414,R16,ctx13
Id414,R8,ctx4
Id414,R7,ctx1
Id414,R9,ctx16
Id415,R13,ctx10
Id415,R20,ctx3
Id415,R11,ctx4
Id416,R14,ctx15
Id416,R11,ctx6
Id416,R10,ctx9
Id416,R8,ctx20
Id417,R8,ctx7
Id417,R16,ctx1
Id417,R9,ctx8
Id417,R2,ctx3
Id418,R13,ctx3
Id418,R7,ctx15
Id418,R17,ctx2
Id418,R9,ctx5
Id418,R10,ctx1
Id419,R9,ctx8
Id419,R18,ctx14
Id419,R14,ctx2
Id419,R11,ctx11
Id420,R9,ctx18
Id420,R20,ctx14
Id420,R19,ctx10
Id421,R12,ctx2
Id421,R2,ctx6
Id421,R14,ctx19
Id421,R18,ctx10
Id422,R8,ctx13
Id422,R7,ctx5
Id422,R16,ctx14
Id422,R5,ctx2
Id422,R6,ctx20
Id423,R18,ctx6
Id423,R7,ctx11
Id423,R20,ctx7
Id423,R17,ctx1
Id423,R8,ctx16
Id424,R20,ctx11
Id424,R4,ctx14
Id424,R14,ctx8
Id424,R5,ctx1
Id424,R10,ctx16
Id425,R19,ctx18
Id425,R11,ctx7
Id425,R10,ctx17
Id426,R19,ctx7
Id426,R18,ctx17
Id426,R1,ctx8
Id426,R3,ctx15
Id426,R7,ctx4
Id427,R9,ctx15
Id427,R18,ctx13
Id427,R10,ctx8
Id428,R20,ctx3
Id428,R9,ctx19
Id428,R12,ctx17
Id429,R11,ctx19
Id429,R16,ctx5
Id429,R13,ctx12
Id429,R20,ctx1
Id429,R3,ctx4
Id430,R13,ctx13
Id430,R17,ctx16
Id430,R11,ctx14
Id431,R9,ctx18
Id431,R4,ctx10
Id431,R16,ctx17
Id432,R4,ctx12
Id432,R5,ctx2
Id432,R1,ctx19
Id433,R1,ctx19
Id433,R19,ctx5
Id433,R17,ctx12
Id433,R6,ctx17
Id434,R13,ctx8
Id434,R20,ctx3
Id434,R1,ctx1
Id434,R6,ctx17
Id435,R4,ctx13
Id435,R19,ctx4
Id435,R9,ctx10
Id436,R1,ctx12
Id436,R3,ctx3
Id436,R11,ctx4
Id436,R7,ctx11
Id436,R13,ctx2
Id437,R1,ctx10
Id437,R9,ctx2
Id437,R16,ctx14
Id437,R2,ctx20
Id438,R5,ctx1
Id438,R19,ctx2
Id438,R9,ctx20
Id438,R1,ctx6
Id438,R4,ctx13
Id439,R16,ctx4
Id439,R1,ctx8
Id439,R15,ctx6
Id439,R6,ctx7
Id439,R18,ctx17
Id440,R3,ctx5
Id440,R20,ctx17
Id440,R15,ctx2
Id441,R12,ctx4
Id441,R16,ctx5
Id441,R9,ctx18
Id441,R13,ctx6
Id441,R5,ctx12
Id442,R15,ctx10
Id442,R9,ctx14
Id442,R6,ctx6
Id442,R13,ctx20
Id443,R18,ctx12
Id443,R9,ctx8
Id443,R4,ctx4
Id443,R16,ctx10
Id443,R7,ctx2
Id444,R19,ctx16
Id444,R7,ctx14
Id444,R18,ctx5
Id444,R14,ctx11
Id445,R17,ctx20
Id445,R3,ctx6
Id445,R10,ctx10
Id445,R18,ctx7
Id445,R6,ctx17
Id446,R4,ctx7
Id446,R10,ctx2
Id446,R1,ctx14
Id446,R18,ctx8
Id447,R10,ctx14
Id447,R15,ctx6
Id447,R7,ctx5
Id447,R17,ctx16
Id447,R4,ctx15
Id448,R5,ctx11
Id448,R15,ctx8
Id448,R12,ctx16
Id448,R18,ctx10
Id448,R4,ctx1
Id449,R10,ctx11
Id449,R8,ctx1
Id449,R3,ctx18
Id450,R1,ctx4
Id450,R11,ctx10
Id450,R7,ctx8
Id450,R12,ctx12
Id450,R16,ctx1
Id451,R16,ctx9
Id451,R13,ctx2
Id451,R19,ctx19
Id451,R11,ctx5
Id452,R7,ctx1
Id452,R16,ctx9
Id452,R8,ctx3
Id452,R1,ctx13
Id453,R13,ctx16
Id453,R17,ctx13
Id453,R19,ctx11
Id453,R5,ctx9
Id454,R3,ctx20
Id454,R16,ctx7
Id454,R2,ctx6
Id455,R1,ctx15
Id455,R8,ctx8
Id455,R19,ctx5
Id455,R3,ctx13
Id455,R10,ctx1
Id456,R6,ctx2
Id456,R18,ctx10
Id456,R13,ctx12
Id456,R8,ctx7
Id456,R9,ctx4
Id457,R2,ctx19
Id457,R5,ctx6
Id457,R13,ctx9
Id457,R18,ctx12
Id457,R7,ctx14
Id458,R17,ctx5
Id458,R10,ctx3
Id458,R16,ctx13
Id458,R13,ctx19
Id459,R3,ctx7
Id459,R14,ctx20
Id459,R7,ctx8
Id459,R9,ctx10
Id460,R18,ctx10
Id460,R2,ctx9
Id460,R19,ctx2
Id460,R3,ctx18
Id461,R15,ctx10
Id461,R8,ctx1
Id461,R6,ctx8
Id461,R19,ctx15
Id462,R11,ctx20
Id462,R9,ctx17
Id462,R5,ctx4
Id462,R17,ctx8
Id463,R18,ctx14
Id463,R14,ctx2
Id463,R1,ctx18
Id464,R15,ctx17
Id464,R19,ctx13
Id464,R6,ctx12
Id464,R2,ctx10
Id464,R10,ctx16
Id465,R17,ctx9
Id465,R9,ctx3
Id465,R16,ctx1
Id466,R7,ctx3
Id466,R4,ctx4
Id466,R19,ctx2
Id466,R10,ctx7
Id466,R16,ctx9
Id467,R5,ctx1
Id467,R20,ctx5
Id467,R7,ctx17
Id467,R17,ctx14
Id468,R17,ctx6
Id468,R12,ctx15
Id468,R6,ctx17
Id468,R15,ctx5
Id468,R5,ctx8
Id469,R20,ctx5
Id469,R2,ctx3
Id469,R10,ctx4
Id469,R15,ctx16
Id469,R12,ctx6
Id470,R6,ctx7
Id470,R4,ctx17
Id470,R13,ctx20
Id470,R3,ctx12
Id471,R18,ctx15
Id471,R5,ctx7
Id471,R2,ctx14
Id472,R13,ctx7
Id472,R15,ctx15
Id472,R17,ctx18
Id472,R7,ctx11
Id473,R9,ctx9
Id473,R2,ctx5
Id473,R17,ctx20
Id473,R12,ctx13
Id473,R10,ctx18
Id474,R11,ctx13
Id474,R1,ctx8
Id474,R9,ctx12
Id474,R18,ctx4
Id474,R5,ctx7
Id475,R12,ctx2
Id475,R15,ctx16
Id475,R9,ctx18
Id475,R8,ctx3
Id476,R17,ctx19
Id476,R4,ctx20
Id476,R14,ctx11
Id476,R8,ctx8
Id477,R10,ctx16
Id477,R9,ctx3
Id477,R13,ctx9
Id478,R8,ctx14
Id478,R4,ctx7
Id478,R9,ctx12
Id478,R14,ctx5
Id479,R1,ctx19
Id479,R3,ctx11
Id479,R15,ctx3
Id480,R12,ctx2
Id480,R11,ctx18
Id480,R13,ctx5
Id480,R8,ctx20
Id481,R8,ctx8
Id481,R12,ctx7
Id481,R13,ctx17
Id481,R15,ctx5
Id481,R11,ctx13
Id482,R3,ctx6
Id482,R16,ctx8
Id482,R5,ctx16
Id483,R10,ctx12
Id483,R18,ctx15
Id483,R17,ctx13
Id484,R9,ctx11
Id484,R7,ctx12
Id484,R6,ctx1
Id484,R17,ctx13
Id485,R12,ctx12
Id485,R19,ctx20
Id485,R2,ctx19
Id485,R6,ctx16
Id486,R14,ctx3
Id486,R4,ctx13
Id486,R5,ctx18
Id486,R2,ctx17
Id486,R20,ctx6
Id487,R10,ctx14
Id487,R15,ctx19
Id487,R7,ctx2
Id488,R4,ctx12
Id488,R9,ctx20
Id488,R1,ctx1
Id488,R20,ctx6
Id489,R11,ctx16
Id489,R10,ctx14
Id489,R6,ctx5
Id489,R8,ctx17
Id490,R8,ctx20
Id490,R2,ctx13
Id490,R13,ctx5
Id490,R14,ctx7
Id490,R20,ctx3
Id491,R8,ctx5
Id491,R2,ctx2
Id491,R9,ctx16
Id492,R7,ctx7
Id492,R1,ctx12
Id492,R13,ctx11
Id493,R12,ctx15
Id493,R1,ctx2
Id494,R3,ctx4
Id494,R4,ctx16
Id494,R18,ctx7
Id494,R17,ctx15
Id495,R17,ctx2
Id495,R7,ctx11
Id496,R18,ctx20
Id496,R16,ctx6
Id496,R10,ctx5
Id496,R9,ctx14
Id496,R13,ctx19
Id497,R14,ctx12
Id497,R3,ctx15
Id498,R3,ctx20
Id498,R10,ctx14
Id498,R16,ctx4
Id498,R6,ctx17
Id499,R16,ctx8
Id499,R8,ctx19
Id499,R9,ctx5
Id499,R1,ctx20
Id500,R1,ctx10
Id500,R16,ctx5
